Airline,Origin,Destination,Low,High,Class
AA,US,AO,37.5,37.5,ECO
AA,US,AO,75,100,FIRST
AA,US,BF,37.5,37.5,ECO
AA,US,BF,75,100,FIRST
AA,US,BI,37.5,37.5,ECO
AA,US,BI,75,100,FIRST
AA,US,BJ,37.5,37.5,ECO
AA,US,BJ,75,100,FIRST
AA,US,BW,37.5,37.5,ECO
AA,US,BW,75,100,FIRST
AA,US,CF,37.5,37.5,ECO
AA,US,CF,75,100,FIRST
AA,US,CG,37.5,37.5,ECO
AA,US,CG,75,100,FIRST
AA,US,CI,37.5,37.5,ECO
AA,US,CI,75,100,FIRST
AA,US,CM,37.5,37.5,ECO
AA,US,CM,75,100,FIRST
AA,US,CV,37.5,37.5,ECO
AA,US,CV,75,100,FIRST
AA,US,DZ,37.5,37.5,ECO
AA,US,DZ,75,100,FIRST
AA,US,ER,37.5,37.5,ECO
AA,US,ER,75,100,FIRST
AA,US,ET,37.5,37.5,ECO
AA,US,ET,75,100,FIRST
AA,US,GA,37.5,37.5,ECO
AA,US,GA,75,100,FIRST
AA,US,GH,37.5,37.5,ECO
AA,US,GH,75,100,FIRST
AA,US,GM,37.5,37.5,ECO
AA,US,GM,75,100,FIRST
AA,US,GN,37.5,37.5,ECO
AA,US,GN,75,100,FIRST
AA,US,GQ,37.5,37.5,ECO
AA,US,GQ,75,100,FIRST
AA,US,GW,37.5,37.5,ECO
AA,US,GW,75,100,FIRST
AA,US,KE,37.5,37.5,ECO
AA,US,KE,75,100,FIRST
AA,US,LR,37.5,37.5,ECO
AA,US,LR,75,100,FIRST
AA,US,LS,37.5,37.5,ECO
AA,US,LS,75,100,FIRST
AA,US,LY,37.5,37.5,ECO
AA,US,LY,75,100,FIRST
AA,US,MA,37.5,37.5,ECO
AA,US,MA,75,100,FIRST
AA,US,MG,37.5,37.5,ECO
AA,US,MG,75,100,FIRST
AA,US,ML,37.5,37.5,ECO
AA,US,ML,75,100,FIRST
AA,US,MR,37.5,37.5,ECO
AA,US,MR,75,100,FIRST
AA,US,MU,37.5,37.5,ECO
AA,US,MU,75,100,FIRST
AA,US,MW,37.5,37.5,ECO
AA,US,MW,75,100,FIRST
AA,US,MZ,37.5,37.5,ECO
AA,US,MZ,75,100,FIRST
AA,US,NA,37.5,37.5,ECO
AA,US,NA,75,100,FIRST
AA,US,NE,37.5,37.5,ECO
AA,US,NE,75,100,FIRST
AA,US,NG,37.5,37.5,ECO
AA,US,NG,75,100,FIRST
AA,US,RE,37.5,37.5,ECO
AA,US,RE,75,100,FIRST
AA,US,RW,37.5,37.5,ECO
AA,US,RW,75,100,FIRST
AA,US,SC,37.5,37.5,ECO
AA,US,SC,75,100,FIRST
AA,US,SD,37.5,37.5,ECO
AA,US,SD,75,100,FIRST
AA,US,SL,37.5,37.5,ECO
AA,US,SL,75,100,FIRST
AA,US,SN,37.5,37.5,ECO
AA,US,SN,75,100,FIRST
AA,US,SO,37.5,37.5,ECO
AA,US,SO,75,100,FIRST
AA,US,SZ,37.5,37.5,ECO
AA,US,SZ,75,100,FIRST
AA,US,TD,37.5,37.5,ECO
AA,US,TD,75,100,FIRST
AA,US,TG,37.5,37.5,ECO
AA,US,TG,75,100,FIRST
AA,US,TN,37.5,37.5,ECO
AA,US,TN,75,100,FIRST
AA,US,TZ,37.5,37.5,ECO
AA,US,TZ,75,100,FIRST
AA,US,UG,37.5,37.5,ECO
AA,US,UG,75,100,FIRST
AA,US,ZA,37.5,37.5,ECO
AA,US,ZA,75,100,FIRST
AA,US,ZM,37.5,37.5,ECO
AA,US,ZM,75,100,FIRST
AA,US,ZW,37.5,37.5,ECO
AA,US,ZW,75,100,FIRST
AA,US,AE,45,45,ECO
AA,US,AE,67.5,90,FIRST
AA,US,AF,45,45,ECO
AA,US,AF,67.5,90,FIRST
AA,US,BD,45,45,ECO
AA,US,BD,67.5,90,FIRST
AA,US,BH,45,45,ECO
AA,US,BH,67.5,90,FIRST
AA,US,EG,45,45,ECO
AA,US,EG,67.5,90,FIRST
AA,US,IL,45,45,ECO
AA,US,IL,67.5,90,FIRST
AA,US,IN,45,45,ECO
AA,US,IN,67.5,90,FIRST
AA,US,IQ,45,45,ECO
AA,US,IQ,67.5,90,FIRST
AA,US,IR,45,45,ECO
AA,US,IR,67.5,90,FIRST
AA,US,JO,45,45,ECO
AA,US,JO,67.5,90,FIRST
AA,US,KG,45,45,ECO
AA,US,KG,67.5,90,FIRST
AA,US,KW,45,45,ECO
AA,US,KW,67.5,90,FIRST
AA,US,KZ,45,45,ECO
AA,US,KZ,67.5,90,FIRST
AA,US,LB,45,45,ECO
AA,US,LB,67.5,90,FIRST
AA,US,MV,45,45,ECO
AA,US,MV,67.5,90,FIRST
AA,US,NP,45,45,ECO
AA,US,NP,67.5,90,FIRST
AA,US,OM,45,45,ECO
AA,US,OM,67.5,90,FIRST
AA,US,PK,45,45,ECO
AA,US,PK,67.5,90,FIRST
AA,US,QA,45,45,ECO
AA,US,QA,67.5,90,FIRST
AA,US,SA,45,45,ECO
AA,US,SA,67.5,90,FIRST
AA,US,SY,45,45,ECO
AA,US,SY,67.5,90,FIRST
AA,US,TJ,45,45,ECO
AA,US,TJ,67.5,90,FIRST
AA,US,TM,45,45,ECO
AA,US,TM,67.5,90,FIRST
AA,US,UZ,45,45,ECO
AA,US,UZ,67.5,90,FIRST
AA,US,JP,25,32.5,ECO
AA,US,JP,50,62.5,FIRST
AA,US,KR,25,32.5,ECO
AA,US,KR,50,62.5,FIRST
AA,US,MN,25,32.5,ECO
AA,US,MN,50,62.5,FIRST
AA,US,BN,35,35,ECO
AA,US,BN,55,67.5,FIRST
AA,US,BT,35,35,ECO
AA,US,BT,55,67.5,FIRST
AA,US,CN,35,35,ECO
AA,US,CN,55,67.5,FIRST
AA,US,GU,35,35,ECO
AA,US,GU,55,67.5,FIRST
AA,US,HK,35,35,ECO
AA,US,HK,55,67.5,FIRST
AA,US,ID,35,35,ECO
AA,US,ID,55,67.5,FIRST
AA,US,KH,35,35,ECO
AA,US,KH,55,67.5,FIRST
AA,US,LA,35,35,ECO
AA,US,LA,55,67.5,FIRST
AA,US,LK,35,35,ECO
AA,US,LK,55,67.5,FIRST
AA,US,MM,35,35,ECO
AA,US,MM,55,67.5,FIRST
AA,US,MY,35,35,ECO
AA,US,MY,55,67.5,FIRST
AA,US,PH,35,35,ECO
AA,US,PH,55,67.5,FIRST
AA,US,SG,35,35,ECO
AA,US,SG,55,67.5,FIRST
AA,US,TH,35,35,ECO
AA,US,TH,55,67.5,FIRST
AA,US,TW,35,35,ECO
AA,US,TW,55,67.5,FIRST
AA,US,VN,35,35,ECO
AA,US,VN,55,67.5,FIRST
AA,US,AU,37.5,37.5,ECO
AA,US,AU,62.5,72.5,FIRST
AA,US,DS,37.5,37.5,ECO
AA,US,DS,62.5,72.5,FIRST
AA,US,FJ,37.5,37.5,ECO
AA,US,FJ,62.5,72.5,FIRST
AA,US,NC,37.5,37.5,ECO
AA,US,NC,62.5,72.5,FIRST
AA,US,NZ,37.5,37.5,ECO
AA,US,NZ,62.5,72.5,FIRST
AA,US,PF,37.5,37.5,ECO
AA,US,PF,62.5,72.5,FIRST
AA,US,PG,37.5,37.5,ECO
AA,US,PG,62.5,72.5,FIRST
AA,US,TO,37.5,37.5,ECO
AA,US,TO,62.5,72.5,FIRST
AA,US,VU,37.5,37.5,ECO
AA,US,VU,62.5,72.5,FIRST
AA,US,WS,37.5,37.5,ECO
AA,US,WS,62.5,72.5,FIRST
AA,US,AL,20,30,ECO
AA,US,AL,50,62.5,FIRST
AA,US,AM,20,30,ECO
AA,US,AM,50,62.5,FIRST
AA,US,AT,20,30,ECO
AA,US,AT,50,62.5,FIRST
AA,US,AZ,20,30,ECO
AA,US,AZ,50,62.5,FIRST
AA,US,BA,20,30,ECO
AA,US,BA,50,62.5,FIRST
AA,US,BE,20,30,ECO
AA,US,BE,50,62.5,FIRST
AA,US,BG,20,30,ECO
AA,US,BG,50,62.5,FIRST
AA,US,BY,20,30,ECO
AA,US,BY,50,62.5,FIRST
AA,US,CH,20,30,ECO
AA,US,CH,50,62.5,FIRST
AA,US,CY,20,30,ECO
AA,US,CY,50,62.5,FIRST
AA,US,CZ,20,30,ECO
AA,US,CZ,50,62.5,FIRST
AA,US,DE,20,30,ECO
AA,US,DE,50,62.5,FIRST
AA,US,DK,20,30,ECO
AA,US,DK,50,62.5,FIRST
AA,US,EE,20,30,ECO
AA,US,EE,50,62.5,FIRST
AA,US,ES,20,30,ECO
AA,US,ES,50,62.5,FIRST
AA,US,FI,20,30,ECO
AA,US,FI,50,62.5,FIRST
AA,US,FR,20,30,ECO
AA,US,FR,50,62.5,FIRST
AA,US,GB,20,30,ECO
AA,US,GB,50,62.5,FIRST
AA,US,GE,20,30,ECO
AA,US,GE,50,62.5,FIRST
AA,US,GI,20,30,ECO
AA,US,GI,50,62.5,FIRST
AA,US,GL,20,30,ECO
AA,US,GL,50,62.5,FIRST
AA,US,GR,20,30,ECO
AA,US,GR,50,62.5,FIRST
AA,US,HR,20,30,ECO
AA,US,HR,50,62.5,FIRST
AA,US,HU,20,30,ECO
AA,US,HU,50,62.5,FIRST
AA,US,IE,20,30,ECO
AA,US,IE,50,62.5,FIRST
AA,US,IS,20,30,ECO
AA,US,IS,50,62.5,FIRST
AA,US,IT,20,30,ECO
AA,US,IT,50,62.5,FIRST
AA,US,LT,20,30,ECO
AA,US,LT,50,62.5,FIRST
AA,US,LU,20,30,ECO
AA,US,LU,50,62.5,FIRST
AA,US,LV,20,30,ECO
AA,US,LV,50,62.5,FIRST
AA,US,MD,20,30,ECO
AA,US,MD,50,62.5,FIRST
AA,US,MK,20,30,ECO
AA,US,MK,50,62.5,FIRST
AA,US,MT,20,30,ECO
AA,US,MT,50,62.5,FIRST
AA,US,NL,20,30,ECO
AA,US,NL,50,62.5,FIRST
AA,US,NO,20,30,ECO
AA,US,NO,50,62.5,FIRST
AA,US,PL,20,30,ECO
AA,US,PL,50,62.5,FIRST
AA,US,PT,20,30,ECO
AA,US,PT,50,62.5,FIRST
AA,US,RO,20,30,ECO
AA,US,RO,50,62.5,FIRST
AA,US,RU,20,30,ECO
AA,US,RU,50,62.5,FIRST
AA,US,SE,20,30,ECO
AA,US,SE,50,62.5,FIRST
AA,US,SI,20,30,ECO
AA,US,SI,50,62.5,FIRST
AA,US,SK,20,30,ECO
AA,US,SK,50,62.5,FIRST
AA,US,TR,20,30,ECO
AA,US,TR,50,62.5,FIRST
AA,US,UA,20,30,ECO
AA,US,UA,50,62.5,FIRST
AA,US,YU,20,30,ECO
AA,US,YU,50,62.5,FIRST
AA,US,BZ,17.5,17.5,ECO
AA,US,BZ,30,40,FIRST
AA,US,CO,17.5,17.5,ECO
AA,US,CO,30,40,FIRST
AA,US,CR,17.5,17.5,ECO
AA,US,CR,30,40,FIRST
AA,US,EC,17.5,17.5,ECO
AA,US,EC,30,40,FIRST
AA,US,GT,17.5,17.5,ECO
AA,US,GT,30,40,FIRST
AA,US,HN,17.5,17.5,ECO
AA,US,HN,30,40,FIRST
AA,US,NI,17.5,17.5,ECO
AA,US,NI,30,40,FIRST
AA,US,PA,17.5,17.5,ECO
AA,US,PA,30,40,FIRST
AA,US,PE,17.5,17.5,ECO
AA,US,PE,30,40,FIRST
AA,US,SV,17.5,17.5,ECO
AA,US,SV,30,40,FIRST
AA,US,VE,17.5,17.5,ECO
AA,US,VE,30,40,FIRST
AA,US,AR,20,30,ECO
AA,US,AR,50,62.5,FIRST
AA,US,BO,20,30,ECO
AA,US,BO,50,62.5,FIRST
AA,US,BR,20,30,ECO
AA,US,BR,50,62.5,FIRST
AA,US,CL,20,30,ECO
AA,US,CL,50,62.5,FIRST
AA,US,PY,20,30,ECO
AA,US,PY,50,62.5,FIRST
AA,US,UY,20,30,ECO
AA,US,UY,50,62.5,FIRST
AA,US,US,12.5,12.5,ECO
AA,US,US,25,32.5,FIRST
AA,US,AG,17.5,17.5,ECO
AA,US,AG,30,40,FIRST
AA,US,AI,17.5,17.5,ECO
AA,US,AI,30,40,FIRST
AA,US,AW,17.5,17.5,ECO
AA,US,AW,30,40,FIRST
AA,US,BB,17.5,17.5,ECO
AA,US,BB,30,40,FIRST
AA,US,BM,17.5,17.5,ECO
AA,US,BM,30,40,FIRST
AA,US,BS,17.5,17.5,ECO
AA,US,BS,30,40,FIRST
AA,US,CA,17.5,17.5,ECO
AA,US,CA,30,40,FIRST
AA,US,CU,17.5,17.5,ECO
AA,US,CU,30,40,FIRST
AA,US,DM,17.5,17.5,ECO
AA,US,DM,30,40,FIRST
AA,US,DO,17.5,17.5,ECO
AA,US,DO,30,40,FIRST
AA,US,GD,17.5,17.5,ECO
AA,US,GD,30,40,FIRST
AA,US,GP,17.5,17.5,ECO
AA,US,GP,30,40,FIRST
AA,US,HT,17.5,17.5,ECO
AA,US,HT,30,40,FIRST
AA,US,JM,17.5,17.5,ECO
AA,US,JM,30,40,FIRST
AA,US,KN,17.5,17.5,ECO
AA,US,KN,30,40,FIRST
AA,US,KY,17.5,17.5,ECO
AA,US,KY,30,40,FIRST
AA,US,LC,17.5,17.5,ECO
AA,US,LC,30,40,FIRST
AA,US,MQ,17.5,17.5,ECO
AA,US,MQ,30,40,FIRST
AA,US,MS,17.5,17.5,ECO
AA,US,MS,30,40,FIRST
AA,US,MX,17.5,17.5,ECO
AA,US,MX,30,40,FIRST
AA,US,PR,17.5,17.5,ECO
AA,US,PR,30,40,FIRST
AA,US,TC,17.5,17.5,ECO
AA,US,TC,30,40,FIRST
AA,US,TT,17.5,17.5,ECO
AA,US,TT,30,40,FIRST
AA,US,VC,17.5,17.5,ECO
AA,US,VC,30,40,FIRST
AA,US,VG,17.5,17.5,ECO
AA,US,VG,30,40,FIRST
AA,US,VI,17.5,17.5,ECO
AA,US,VI,30,40,FIRST
DL,US,AG,17.5,45,ECO
DL,US,AG,30,70,FIRST
DL,US,AI,17.5,45,ECO
DL,US,AI,30,70,FIRST
DL,US,AW,17.5,45,ECO
DL,US,AW,30,70,FIRST
DL,US,BB,17.5,45,ECO
DL,US,BB,30,70,FIRST
DL,US,BM,17.5,45,ECO
DL,US,BM,30,70,FIRST
DL,US,BQ,17.5,45,ECO
DL,US,BQ,30,70,FIRST
DL,US,BS,17.5,45,ECO
DL,US,BS,30,70,FIRST
DL,US,CU,17.5,45,ECO
DL,US,CU,30,70,FIRST
DL,US,CW,17.5,45,ECO
DL,US,CW,30,70,FIRST
DL,US,DM,17.5,45,ECO
DL,US,DM,30,70,FIRST
DL,US,DO,17.5,45,ECO
DL,US,DO,30,70,FIRST
DL,US,GD,17.5,45,ECO
DL,US,GD,30,70,FIRST
DL,US,GP,17.5,45,ECO
DL,US,GP,30,70,FIRST
DL,US,GY,17.5,45,ECO
DL,US,GY,30,70,FIRST
DL,US,HT,17.5,45,ECO
DL,US,HT,30,70,FIRST
DL,US,JM,17.5,45,ECO
DL,US,JM,30,70,FIRST
DL,US,KN,17.5,45,ECO
DL,US,KN,30,70,FIRST
DL,US,KY,17.5,45,ECO
DL,US,KY,30,70,FIRST
DL,US,LC,17.5,45,ECO
DL,US,LC,30,70,FIRST
DL,US,MQ,17.5,45,ECO
DL,US,MQ,30,70,FIRST
DL,US,MS,17.5,45,ECO
DL,US,MS,30,70,FIRST
DL,US,PR,17.5,45,ECO
DL,US,PR,30,70,FIRST
DL,US,SX,17.5,45,ECO
DL,US,SX,30,70,FIRST
DL,US,TC,17.5,45,ECO
DL,US,TC,30,70,FIRST
DL,US,TT,17.5,45,ECO
DL,US,TT,30,70,FIRST
DL,US,VC,17.5,45,ECO
DL,US,VC,30,70,FIRST
DL,US,VG,17.5,45,ECO
DL,US,VG,30,70,FIRST
DL,US,VI,17.5,45,ECO
DL,US,VI,30,70,FIRST
DL,US,AF,40,80,ECO
DL,US,AF,60,175,FIRST
DL,US,BD,40,80,ECO
DL,US,BD,60,175,FIRST
DL,US,BT,40,80,ECO
DL,US,BT,60,175,FIRST
DL,US,IN,40,80,ECO
DL,US,IN,60,175,FIRST
DL,US,IO,40,80,ECO
DL,US,IO,60,175,FIRST
DL,US,LK,40,80,ECO
DL,US,LK,60,175,FIRST
DL,US,MV,40,80,ECO
DL,US,MV,60,175,FIRST
DL,US,NP,40,80,ECO
DL,US,NP,60,175,FIRST
DL,US,PK,40,80,ECO
DL,US,PK,60,175,FIRST
DL,US,CA,12.5,30,ECO
DL,US,CA,22.5,50,FIRST
DL,US,US,12.5,30,ECO
DL,US,US,22.5,50,FIRST
DL,US,BZ,17.5,45,ECO
DL,US,BZ,30,70,FIRST
DL,US,CR,17.5,45,ECO
DL,US,CR,30,70,FIRST
DL,US,GT,17.5,45,ECO
DL,US,GT,30,70,FIRST
DL,US,HN,17.5,45,ECO
DL,US,HN,30,70,FIRST
DL,US,NI,17.5,45,ECO
DL,US,NI,30,70,FIRST
DL,US,PA,17.5,45,ECO
DL,US,PA,30,70,FIRST
DL,US,SV,17.5,45,ECO
DL,US,SV,30,70,FIRST
DL,US,BN,40,87.5,ECO
DL,US,BN,60,185,FIRST
DL,US,ID,40,87.5,ECO
DL,US,ID,60,185,FIRST
DL,US,KH,40,87.5,ECO
DL,US,KH,60,185,FIRST
DL,US,LA,40,87.5,ECO
DL,US,LA,60,185,FIRST
DL,US,MM,40,87.5,ECO
DL,US,MM,60,185,FIRST
DL,US,MN,40,87.5,ECO
DL,US,MN,60,185,FIRST
DL,US,MO,40,87.5,ECO
DL,US,MO,60,185,FIRST
DL,US,MY,40,87.5,ECO
DL,US,MY,60,185,FIRST
DL,US,PG,40,87.5,ECO
DL,US,PG,60,185,FIRST
DL,US,SG,40,87.5,ECO
DL,US,SG,60,185,FIRST
DL,US,TH,40,87.5,ECO
DL,US,TH,60,185,FIRST
DL,US,TJ,40,87.5,ECO
DL,US,TJ,60,185,FIRST
DL,US,TL,40,87.5,ECO
DL,US,TL,60,185,FIRST
DL,US,TM,40,87.5,ECO
DL,US,TM,60,185,FIRST
DL,US,VN,40,87.5,ECO
DL,US,VN,60,185,FIRST
DL,US,AD,30,62.5,ECO
DL,US,AD,50,162.5,FIRST
DL,US,AL,30,62.5,ECO
DL,US,AL,50,162.5,FIRST
DL,US,AM,30,62.5,ECO
DL,US,AM,50,162.5,FIRST
DL,US,AT,30,62.5,ECO
DL,US,AT,50,162.5,FIRST
DL,US,AZ,30,62.5,ECO
DL,US,AZ,50,162.5,FIRST
DL,US,BA,30,62.5,ECO
DL,US,BA,50,162.5,FIRST
DL,US,BE,30,62.5,ECO
DL,US,BE,50,162.5,FIRST
DL,US,BG,30,62.5,ECO
DL,US,BG,50,162.5,FIRST
DL,US,BY,30,62.5,ECO
DL,US,BY,50,162.5,FIRST
DL,US,CH,30,62.5,ECO
DL,US,CH,50,162.5,FIRST
DL,US,CY,30,62.5,ECO
DL,US,CY,50,162.5,FIRST
DL,US,CZ,30,62.5,ECO
DL,US,CZ,50,162.5,FIRST
DL,US,DE,30,62.5,ECO
DL,US,DE,50,162.5,FIRST
DL,US,DK,30,62.5,ECO
DL,US,DK,50,162.5,FIRST
DL,US,DZ,30,62.5,ECO
DL,US,DZ,50,162.5,FIRST
DL,US,EE,30,62.5,ECO
DL,US,EE,50,162.5,FIRST
DL,US,ES,30,62.5,ECO
DL,US,ES,50,162.5,FIRST
DL,US,FI,30,62.5,ECO
DL,US,FI,50,162.5,FIRST
DL,US,FO,30,62.5,ECO
DL,US,FO,50,162.5,FIRST
DL,US,FR,30,62.5,ECO
DL,US,FR,50,162.5,FIRST
DL,US,GB,30,62.5,ECO
DL,US,GB,50,162.5,FIRST
DL,US,GE,30,62.5,ECO
DL,US,GE,50,162.5,FIRST
DL,US,GI,30,62.5,ECO
DL,US,GI,50,162.5,FIRST
DL,US,GR,30,62.5,ECO
DL,US,GR,50,162.5,FIRST
DL,US,HR,30,62.5,ECO
DL,US,HR,50,162.5,FIRST
DL,US,HU,30,62.5,ECO
DL,US,HU,50,162.5,FIRST
DL,US,IE,30,62.5,ECO
DL,US,IE,50,162.5,FIRST
DL,US,IS,30,62.5,ECO
DL,US,IS,50,162.5,FIRST
DL,US,IT,30,62.5,ECO
DL,US,IT,50,162.5,FIRST
DL,US,LI,30,62.5,ECO
DL,US,LI,50,162.5,FIRST
DL,US,LT,30,62.5,ECO
DL,US,LT,50,162.5,FIRST
DL,US,LU,30,62.5,ECO
DL,US,LU,50,162.5,FIRST
DL,US,LV,30,62.5,ECO
DL,US,LV,50,162.5,FIRST
DL,US,MA,30,62.5,ECO
DL,US,MA,50,162.5,FIRST
DL,US,MC,30,62.5,ECO
DL,US,MC,50,162.5,FIRST
DL,US,MD,30,62.5,ECO
DL,US,MD,50,162.5,FIRST
DL,US,ME,30,62.5,ECO
DL,US,ME,50,162.5,FIRST
DL,US,MK,30,62.5,ECO
DL,US,MK,50,162.5,FIRST
DL,US,MT,30,62.5,ECO
DL,US,MT,50,162.5,FIRST
DL,US,NL,30,62.5,ECO
DL,US,NL,50,162.5,FIRST
DL,US,NO,30,62.5,ECO
DL,US,NO,50,162.5,FIRST
DL,US,PL,30,62.5,ECO
DL,US,PL,50,162.5,FIRST
DL,US,PT,30,62.5,ECO
DL,US,PT,50,162.5,FIRST
DL,US,RO,30,62.5,ECO
DL,US,RO,50,162.5,FIRST
DL,US,RS,30,62.5,ECO
DL,US,RS,50,162.5,FIRST
DL,US,RU,30,62.5,ECO
DL,US,RU,50,162.5,FIRST
DL,US,SE,30,62.5,ECO
DL,US,SE,50,162.5,FIRST
DL,US,SI,30,62.5,ECO
DL,US,SI,50,162.5,FIRST
DL,US,SJ,30,62.5,ECO
DL,US,SJ,50,162.5,FIRST
DL,US,SK,30,62.5,ECO
DL,US,SK,50,162.5,FIRST
DL,US,SM,30,62.5,ECO
DL,US,SM,50,162.5,FIRST
DL,US,TN,30,62.5,ECO
DL,US,TN,50,162.5,FIRST
DL,US,TR,30,62.5,ECO
DL,US,TR,50,162.5,FIRST
DL,US,UA,30,62.5,ECO
DL,US,UA,50,162.5,FIRST
DL,US,VA,30,62.5,ECO
DL,US,VA,50,162.5,FIRST
DL,US,MX,17.5,45,ECO
DL,US,MX,30,70,FIRST
DL,US,CN,35,80,ECO
DL,US,CN,60,170,FIRST
DL,US,FM,35,80,ECO
DL,US,FM,60,170,FIRST
DL,US,HK,35,80,ECO
DL,US,HK,60,170,FIRST
DL,US,JP,35,80,ECO
DL,US,JP,60,170,FIRST
DL,US,KP,35,80,ECO
DL,US,KP,60,170,FIRST
DL,US,KR,35,80,ECO
DL,US,KR,60,170,FIRST
DL,US,PH,35,80,ECO
DL,US,PH,60,170,FIRST
DL,US,TW,35,80,ECO
DL,US,TW,60,170,FIRST
DL,US,AO,40,80,ECO
DL,US,AO,60,175,FIRST
DL,US,BF,40,80,ECO
DL,US,BF,60,175,FIRST
DL,US,BI,40,80,ECO
DL,US,BI,60,175,FIRST
DL,US,BJ,40,80,ECO
DL,US,BJ,60,175,FIRST
DL,US,BW,40,80,ECO
DL,US,BW,60,175,FIRST
DL,US,CD,40,80,ECO
DL,US,CD,60,175,FIRST
DL,US,CF,40,80,ECO
DL,US,CF,60,175,FIRST
DL,US,CG,40,80,ECO
DL,US,CG,60,175,FIRST
DL,US,CI,40,80,ECO
DL,US,CI,60,175,FIRST
DL,US,CM,40,80,ECO
DL,US,CM,60,175,FIRST
DL,US,CV,40,80,ECO
DL,US,CV,60,175,FIRST
DL,US,DJ,40,80,ECO
DL,US,DJ,60,175,FIRST
DL,US,ER,40,80,ECO
DL,US,ER,60,175,FIRST
DL,US,ET,40,80,ECO
DL,US,ET,60,175,FIRST
DL,US,GA,40,80,ECO
DL,US,GA,60,175,FIRST
DL,US,GH,40,80,ECO
DL,US,GH,60,175,FIRST
DL,US,GM,40,80,ECO
DL,US,GM,60,175,FIRST
DL,US,GN,40,80,ECO
DL,US,GN,60,175,FIRST
DL,US,GQ,40,80,ECO
DL,US,GQ,60,175,FIRST
DL,US,GW,40,80,ECO
DL,US,GW,60,175,FIRST
DL,US,KE,40,80,ECO
DL,US,KE,60,175,FIRST
DL,US,KM,40,80,ECO
DL,US,KM,60,175,FIRST
DL,US,LR,40,80,ECO
DL,US,LR,60,175,FIRST
DL,US,LS,40,80,ECO
DL,US,LS,60,175,FIRST
DL,US,LY,40,80,ECO
DL,US,LY,60,175,FIRST
DL,US,MG,40,80,ECO
DL,US,MG,60,175,FIRST
DL,US,ML,40,80,ECO
DL,US,ML,60,175,FIRST
DL,US,MR,40,80,ECO
DL,US,MR,60,175,FIRST
DL,US,MU,40,80,ECO
DL,US,MU,60,175,FIRST
DL,US,MW,40,80,ECO
DL,US,MW,60,175,FIRST
DL,US,MZ,40,80,ECO
DL,US,MZ,60,175,FIRST
DL,US,NA,40,80,ECO
DL,US,NA,60,175,FIRST
DL,US,NE,40,80,ECO
DL,US,NE,60,175,FIRST
DL,US,NG,40,80,ECO
DL,US,NG,60,175,FIRST
DL,US,RE,40,80,ECO
DL,US,RE,60,175,FIRST
DL,US,RW,40,80,ECO
DL,US,RW,60,175,FIRST
DL,US,SC,40,80,ECO
DL,US,SC,60,175,FIRST
DL,US,SD,40,80,ECO
DL,US,SD,60,175,FIRST
DL,US,SL,40,80,ECO
DL,US,SL,60,175,FIRST
DL,US,SN,40,80,ECO
DL,US,SN,60,175,FIRST
DL,US,SO,40,80,ECO
DL,US,SO,60,175,FIRST
DL,US,ST,40,80,ECO
DL,US,ST,60,175,FIRST
DL,US,SZ,40,80,ECO
DL,US,SZ,60,175,FIRST
DL,US,TD,40,80,ECO
DL,US,TD,60,175,FIRST
DL,US,TG,40,80,ECO
DL,US,TG,60,175,FIRST
DL,US,TY,40,80,ECO
DL,US,TY,60,175,FIRST
DL,US,TZ,40,80,ECO
DL,US,TZ,60,175,FIRST
DL,US,UG,40,80,ECO
DL,US,UG,60,175,FIRST
DL,US,ZA,40,80,ECO
DL,US,ZA,60,175,FIRST
DL,US,ZM,40,80,ECO
DL,US,ZM,60,175,FIRST
DL,US,ZW,40,80,ECO
DL,US,ZW,60,175,FIRST
DL,US,AE,40,80,ECO
DL,US,AE,60,175,FIRST
DL,US,BH,40,80,ECO
DL,US,BH,60,175,FIRST
DL,US,EG,40,80,ECO
DL,US,EG,60,175,FIRST
DL,US,IL,40,80,ECO
DL,US,IL,60,175,FIRST
DL,US,IQ,40,80,ECO
DL,US,IQ,60,175,FIRST
DL,US,IR,40,80,ECO
DL,US,IR,60,175,FIRST
DL,US,JO,40,80,ECO
DL,US,JO,60,175,FIRST
DL,US,KG,40,80,ECO
DL,US,KG,60,175,FIRST
DL,US,KW,40,80,ECO
DL,US,KW,60,175,FIRST
DL,US,KZ,40,80,ECO
DL,US,KZ,60,175,FIRST
DL,US,LB,40,80,ECO
DL,US,LB,60,175,FIRST
DL,US,OM,40,80,ECO
DL,US,OM,60,175,FIRST
DL,US,PS,40,80,ECO
DL,US,PS,60,175,FIRST
DL,US,QA,40,80,ECO
DL,US,QA,60,175,FIRST
DL,US,SA,40,80,ECO
DL,US,SA,60,175,FIRST
DL,US,SY,40,80,ECO
DL,US,SY,60,175,FIRST
DL,US,UZ,40,80,ECO
DL,US,UZ,60,175,FIRST
DL,US,YE,40,80,ECO
DL,US,YE,60,175,FIRST
DL,US,ZA,50,100,ECO
DL,US,ZA,70,190,FIRST
DL,US,AR,30,62.5,ECO
DL,US,AR,50,162.5,FIRST
DL,US,BR,30,62.5,ECO
DL,US,BR,50,162.5,FIRST
DL,US,CL,30,62.5,ECO
DL,US,CL,50,162.5,FIRST
DL,US,PY,30,62.5,ECO
DL,US,PY,50,162.5,FIRST
DL,US,UY,30,62.5,ECO
DL,US,UY,50,162.5,FIRST
DL,US,AU,50,95,ECO
DL,US,AU,75,185,FIRST
DL,US,CC,50,95,ECO
DL,US,CC,75,185,FIRST
DL,US,CK,50,95,ECO
DL,US,CK,75,185,FIRST
DL,US,CX,50,95,ECO
DL,US,CX,75,185,FIRST
DL,US,DS,50,95,ECO
DL,US,DS,75,185,FIRST
DL,US,FJ,50,95,ECO
DL,US,FJ,75,185,FIRST
DL,US,KI,50,95,ECO
DL,US,KI,75,185,FIRST
DL,US,NC,50,95,ECO
DL,US,NC,75,185,FIRST
DL,US,NF,50,95,ECO
DL,US,NF,75,185,FIRST
DL,US,NR,50,95,ECO
DL,US,NR,75,185,FIRST
DL,US,NU,50,95,ECO
DL,US,NU,75,185,FIRST
DL,US,NZ,50,95,ECO
DL,US,NZ,75,185,FIRST
DL,US,PF,50,95,ECO
DL,US,PF,75,185,FIRST
DL,US,PN,50,95,ECO
DL,US,PN,75,185,FIRST
DL,US,SB,50,95,ECO
DL,US,SB,75,185,FIRST
DL,US,TK,50,95,ECO
DL,US,TK,75,185,FIRST
DL,US,TO,50,95,ECO
DL,US,TO,75,185,FIRST
DL,US,TV,50,95,ECO
DL,US,TV,75,185,FIRST
DL,US,VU,50,95,ECO
DL,US,VU,75,185,FIRST
DL,US,WF,50,95,ECO
DL,US,WF,75,185,FIRST
DL,US,WS,50,95,ECO
DL,US,WS,75,185,FIRST
DL,US,BO,22.5,50,ECO
DL,US,BO,45,90,FIRST
DL,US,CO,22.5,50,ECO
DL,US,CO,45,90,FIRST
DL,US,EC,22.5,50,ECO
DL,US,EC,45,90,FIRST
DL,US,GF,22.5,50,ECO
DL,US,GF,45,90,FIRST
DL,US,PE,22.5,50,ECO
DL,US,PE,45,90,FIRST
DL,US,SR,22.5,50,ECO
DL,US,SR,45,90,FIRST
DL,US,VE,22.5,50,ECO
DL,US,VE,45,90,FIRST
US,US,CA,25,25,ECO
US,US,CA,50,50,FIRST
US,US,US,25,25,ECO
US,US,US,50,50,FIRST
US,US,AD,60,60,ECO
US,US,AD,100,125,FIRST
US,US,AL,60,60,ECO
US,US,AL,100,125,FIRST
US,US,AM,60,60,ECO
US,US,AM,100,125,FIRST
US,US,AT,60,60,ECO
US,US,AT,100,125,FIRST
US,US,AZ,60,60,ECO
US,US,AZ,100,125,FIRST
US,US,BA,60,60,ECO
US,US,BA,100,125,FIRST
US,US,BE,60,60,ECO
US,US,BE,100,125,FIRST
US,US,BG,60,60,ECO
US,US,BG,100,125,FIRST
US,US,BY,60,60,ECO
US,US,BY,100,125,FIRST
US,US,CH,60,60,ECO
US,US,CH,100,125,FIRST
US,US,CY,60,60,ECO
US,US,CY,100,125,FIRST
US,US,CZ,60,60,ECO
US,US,CZ,100,125,FIRST
US,US,DE,60,60,ECO
US,US,DE,100,125,FIRST
US,US,DK,60,60,ECO
US,US,DK,100,125,FIRST
US,US,DZ,60,60,ECO
US,US,DZ,100,125,FIRST
US,US,EE,60,60,ECO
US,US,EE,100,125,FIRST
US,US,ES,60,60,ECO
US,US,ES,100,125,FIRST
US,US,FI,60,60,ECO
US,US,FI,100,125,FIRST
US,US,FO,60,60,ECO
US,US,FO,100,125,FIRST
US,US,FR,60,60,ECO
US,US,FR,100,125,FIRST
US,US,GB,60,60,ECO
US,US,GB,100,125,FIRST
US,US,GE,60,60,ECO
US,US,GE,100,125,FIRST
US,US,GI,60,60,ECO
US,US,GI,100,125,FIRST
US,US,GR,60,60,ECO
US,US,GR,100,125,FIRST
US,US,HR,60,60,ECO
US,US,HR,100,125,FIRST
US,US,HU,60,60,ECO
US,US,HU,100,125,FIRST
US,US,IE,60,60,ECO
US,US,IE,100,125,FIRST
US,US,IS,60,60,ECO
US,US,IS,100,125,FIRST
US,US,IT,60,60,ECO
US,US,IT,100,125,FIRST
US,US,LI,60,60,ECO
US,US,LI,100,125,FIRST
US,US,LT,60,60,ECO
US,US,LT,100,125,FIRST
US,US,LU,60,60,ECO
US,US,LU,100,125,FIRST
US,US,LV,60,60,ECO
US,US,LV,100,125,FIRST
US,US,MA,60,60,ECO
US,US,MA,100,125,FIRST
US,US,MC,60,60,ECO
US,US,MC,100,125,FIRST
US,US,MD,60,60,ECO
US,US,MD,100,125,FIRST
US,US,ME,60,60,ECO
US,US,ME,100,125,FIRST
US,US,MK,60,60,ECO
US,US,MK,100,125,FIRST
US,US,MT,60,60,ECO
US,US,MT,100,125,FIRST
US,US,NL,60,60,ECO
US,US,NL,100,125,FIRST
US,US,NO,60,60,ECO
US,US,NO,100,125,FIRST
US,US,PL,60,60,ECO
US,US,PL,100,125,FIRST
US,US,PT,60,60,ECO
US,US,PT,100,125,FIRST
US,US,RO,60,60,ECO
US,US,RO,100,125,FIRST
US,US,RS,60,60,ECO
US,US,RS,100,125,FIRST
US,US,RU,60,60,ECO
US,US,RU,100,125,FIRST
US,US,SE,60,60,ECO
US,US,SE,100,125,FIRST
US,US,SI,60,60,ECO
US,US,SI,100,125,FIRST
US,US,SJ,60,60,ECO
US,US,SJ,100,125,FIRST
US,US,SK,60,60,ECO
US,US,SK,100,125,FIRST
US,US,SM,60,60,ECO
US,US,SM,100,125,FIRST
US,US,TN,60,60,ECO
US,US,TN,100,125,FIRST
US,US,TR,60,60,ECO
US,US,TR,100,125,FIRST
US,US,UA,60,60,ECO
US,US,UA,100,125,FIRST
US,US,VA,60,60,ECO
US,US,VA,100,125,FIRST
US,US,AG,35,35,ECO
US,US,AG,60,60,FIRST
US,US,AI,35,35,ECO
US,US,AI,60,60,FIRST
US,US,AW,35,35,ECO
US,US,AW,60,60,FIRST
US,US,BB,35,35,ECO
US,US,BB,60,60,FIRST
US,US,BM,35,35,ECO
US,US,BM,60,60,FIRST
US,US,BQ,35,35,ECO
US,US,BQ,60,60,FIRST
US,US,BS,35,35,ECO
US,US,BS,60,60,FIRST
US,US,CU,35,35,ECO
US,US,CU,60,60,FIRST
US,US,CW,35,35,ECO
US,US,CW,60,60,FIRST
US,US,DM,35,35,ECO
US,US,DM,60,60,FIRST
US,US,DO,35,35,ECO
US,US,DO,60,60,FIRST
US,US,GD,35,35,ECO
US,US,GD,60,60,FIRST
US,US,GP,35,35,ECO
US,US,GP,60,60,FIRST
US,US,GY,35,35,ECO
US,US,GY,60,60,FIRST
US,US,HT,35,35,ECO
US,US,HT,60,60,FIRST
US,US,JM,35,35,ECO
US,US,JM,60,60,FIRST
US,US,KN,35,35,ECO
US,US,KN,60,60,FIRST
US,US,KY,35,35,ECO
US,US,KY,60,60,FIRST
US,US,LC,35,35,ECO
US,US,LC,60,60,FIRST
US,US,MQ,35,35,ECO
US,US,MQ,60,60,FIRST
US,US,MS,35,35,ECO
US,US,MS,60,60,FIRST
US,US,PR,35,35,ECO
US,US,PR,60,60,FIRST
US,US,SX,35,35,ECO
US,US,SX,60,60,FIRST
US,US,TC,35,35,ECO
US,US,TC,60,60,FIRST
US,US,TT,35,35,ECO
US,US,TT,60,60,FIRST
US,US,VC,35,35,ECO
US,US,VC,60,60,FIRST
US,US,VG,35,35,ECO
US,US,VG,60,60,FIRST
US,US,VI,35,35,ECO
US,US,VI,60,60,FIRST
US,US,AU,80,80,ECO
US,US,AU,110,140,FIRST
US,US,CC,80,80,ECO
US,US,CC,110,140,FIRST
US,US,CK,80,80,ECO
US,US,CK,110,140,FIRST
US,US,CX,80,80,ECO
US,US,CX,110,140,FIRST
US,US,DS,80,80,ECO
US,US,DS,110,140,FIRST
US,US,FJ,80,80,ECO
US,US,FJ,110,140,FIRST
US,US,KI,80,80,ECO
US,US,KI,110,140,FIRST
US,US,NC,80,80,ECO
US,US,NC,110,140,FIRST
US,US,NF,80,80,ECO
US,US,NF,110,140,FIRST
US,US,NR,80,80,ECO
US,US,NR,110,140,FIRST
US,US,NU,80,80,ECO
US,US,NU,110,140,FIRST
US,US,NZ,80,80,ECO
US,US,NZ,110,140,FIRST
US,US,PF,80,80,ECO
US,US,PF,110,140,FIRST
US,US,PN,80,80,ECO
US,US,PN,110,140,FIRST
US,US,SB,80,80,ECO
US,US,SB,110,140,FIRST
US,US,TK,80,80,ECO
US,US,TK,110,140,FIRST
US,US,TO,80,80,ECO
US,US,TO,110,140,FIRST
US,US,TV,80,80,ECO
US,US,TV,110,140,FIRST
US,US,VU,80,80,ECO
US,US,VU,110,140,FIRST
US,US,WF,80,80,ECO
US,US,WF,110,140,FIRST
US,US,WS,80,80,ECO
US,US,WS,110,140,FIRST
US,US,AF,80,80,ECO
US,US,AF,120,160,FIRST
US,US,BD,80,80,ECO
US,US,BD,120,160,FIRST
US,US,BN,80,80,ECO
US,US,BN,120,160,FIRST
US,US,ID,80,80,ECO
US,US,ID,120,160,FIRST
US,US,IN,80,80,ECO
US,US,IN,120,160,FIRST
US,US,KH,80,80,ECO
US,US,KH,120,160,FIRST
US,US,LA,80,80,ECO
US,US,LA,120,160,FIRST
US,US,LK,80,80,ECO
US,US,LK,120,160,FIRST
US,US,MM,80,80,ECO
US,US,MM,120,160,FIRST
US,US,MV,80,80,ECO
US,US,MV,120,160,FIRST
US,US,MY,80,80,ECO
US,US,MY,120,160,FIRST
US,US,NP,80,80,ECO
US,US,NP,120,160,FIRST
US,US,PH,80,80,ECO
US,US,PH,120,160,FIRST
US,US,PK,80,80,ECO
US,US,PK,120,160,FIRST
US,US,SG,80,80,ECO
US,US,SG,120,160,FIRST
US,US,TH,80,80,ECO
US,US,TH,120,160,FIRST
US,US,VN,80,80,ECO
US,US,VN,120,160,FIRST
US,US,AR,60,60,ECO
US,US,AR,100,125,FIRST
US,US,BO,60,60,ECO
US,US,BO,100,125,FIRST
US,US,BR,60,60,ECO
US,US,BR,100,125,FIRST
US,US,CL,60,60,ECO
US,US,CL,100,125,FIRST
US,US,CO,60,60,ECO
US,US,CO,100,125,FIRST
US,US,EC,60,60,ECO
US,US,EC,100,125,FIRST
US,US,GF,60,60,ECO
US,US,GF,100,125,FIRST
US,US,PE,60,60,ECO
US,US,PE,100,125,FIRST
US,US,PY,60,60,ECO
US,US,PY,100,125,FIRST
US,US,SR,60,60,ECO
US,US,SR,100,125,FIRST
US,US,UY,60,60,ECO
US,US,UY,100,125,FIRST
US,US,VE,60,60,ECO
US,US,VE,100,125,FIRST
US,US,CN,60,60,ECO
US,US,CN,90,120,FIRST
US,US,HK,60,60,ECO
US,US,HK,90,120,FIRST
US,US,JP,60,60,ECO
US,US,JP,90,120,FIRST
US,US,KG,60,60,ECO
US,US,KG,90,120,FIRST
US,US,KR,60,60,ECO
US,US,KR,90,120,FIRST
US,US,KZ,60,60,ECO
US,US,KZ,90,120,FIRST
US,US,MN,60,60,ECO
US,US,MN,90,120,FIRST
US,US,MO,60,60,ECO
US,US,MO,90,120,FIRST
US,US,TJ,60,60,ECO
US,US,TJ,90,120,FIRST
US,US,TM,60,60,ECO
US,US,TM,90,120,FIRST
US,US,TW,60,60,ECO
US,US,TW,90,120,FIRST
US,US,UZ,60,60,ECO
US,US,UZ,90,120,FIRST
US,US,AO,70,70,ECO
US,US,AO,110,150,FIRST
US,US,BF,70,70,ECO
US,US,BF,110,150,FIRST
US,US,BI,70,70,ECO
US,US,BI,110,150,FIRST
US,US,BJ,70,70,ECO
US,US,BJ,110,150,FIRST
US,US,BW,70,70,ECO
US,US,BW,110,150,FIRST
US,US,CD,70,70,ECO
US,US,CD,110,150,FIRST
US,US,CF,70,70,ECO
US,US,CF,110,150,FIRST
US,US,CG,70,70,ECO
US,US,CG,110,150,FIRST
US,US,CI,70,70,ECO
US,US,CI,110,150,FIRST
US,US,CM,70,70,ECO
US,US,CM,110,150,FIRST
US,US,CV,70,70,ECO
US,US,CV,110,150,FIRST
US,US,DJ,70,70,ECO
US,US,DJ,110,150,FIRST
US,US,ER,70,70,ECO
US,US,ER,110,150,FIRST
US,US,ET,70,70,ECO
US,US,ET,110,150,FIRST
US,US,GA,70,70,ECO
US,US,GA,110,150,FIRST
US,US,GH,70,70,ECO
US,US,GH,110,150,FIRST
US,US,GM,70,70,ECO
US,US,GM,110,150,FIRST
US,US,GN,70,70,ECO
US,US,GN,110,150,FIRST
US,US,GQ,70,70,ECO
US,US,GQ,110,150,FIRST
US,US,GW,70,70,ECO
US,US,GW,110,150,FIRST
US,US,KE,70,70,ECO
US,US,KE,110,150,FIRST
US,US,KM,70,70,ECO
US,US,KM,110,150,FIRST
US,US,LR,70,70,ECO
US,US,LR,110,150,FIRST
US,US,LS,70,70,ECO
US,US,LS,110,150,FIRST
US,US,LY,70,70,ECO
US,US,LY,110,150,FIRST
US,US,MG,70,70,ECO
US,US,MG,110,150,FIRST
US,US,ML,70,70,ECO
US,US,ML,110,150,FIRST
US,US,MR,70,70,ECO
US,US,MR,110,150,FIRST
US,US,MU,70,70,ECO
US,US,MU,110,150,FIRST
US,US,MW,70,70,ECO
US,US,MW,110,150,FIRST
US,US,MZ,70,70,ECO
US,US,MZ,110,150,FIRST
US,US,NA,70,70,ECO
US,US,NA,110,150,FIRST
US,US,NE,70,70,ECO
US,US,NE,110,150,FIRST
US,US,NG,70,70,ECO
US,US,NG,110,150,FIRST
US,US,RE,70,70,ECO
US,US,RE,110,150,FIRST
US,US,RW,70,70,ECO
US,US,RW,110,150,FIRST
US,US,SC,70,70,ECO
US,US,SC,110,150,FIRST
US,US,SD,70,70,ECO
US,US,SD,110,150,FIRST
US,US,SL,70,70,ECO
US,US,SL,110,150,FIRST
US,US,SN,70,70,ECO
US,US,SN,110,150,FIRST
US,US,SO,70,70,ECO
US,US,SO,110,150,FIRST
US,US,ST,70,70,ECO
US,US,ST,110,150,FIRST
US,US,SZ,70,70,ECO
US,US,SZ,110,150,FIRST
US,US,TD,70,70,ECO
US,US,TD,110,150,FIRST
US,US,TG,70,70,ECO
US,US,TG,110,150,FIRST
US,US,TY,70,70,ECO
US,US,TY,110,150,FIRST
US,US,TZ,70,70,ECO
US,US,TZ,110,150,FIRST
US,US,UG,70,70,ECO
US,US,UG,110,150,FIRST
US,US,ZA,70,70,ECO
US,US,ZA,110,150,FIRST
US,US,ZM,70,70,ECO
US,US,ZM,110,150,FIRST
US,US,ZW,70,70,ECO
US,US,ZW,110,150,FIRST
US,US,BZ,35,35,ECO
US,US,BZ,60,60,FIRST
US,US,CR,35,35,ECO
US,US,CR,60,60,FIRST
US,US,GT,35,35,ECO
US,US,GT,60,60,FIRST
US,US,HN,35,35,ECO
US,US,HN,60,60,FIRST
US,US,MX,35,35,ECO
US,US,MX,60,60,FIRST
US,US,NI,35,35,ECO
US,US,NI,60,60,FIRST
US,US,PA,35,35,ECO
US,US,PA,60,60,FIRST
US,US,SV,35,35,ECO
US,US,SV,60,60,FIRST
US,US,AE,80,80,ECO
US,US,AE,120,180,FIRST
US,US,BH,80,80,ECO
US,US,BH,120,180,FIRST
US,US,EG,80,80,ECO
US,US,EG,120,180,FIRST
US,US,IL,80,80,ECO
US,US,IL,120,180,FIRST
US,US,IQ,80,80,ECO
US,US,IQ,120,180,FIRST
US,US,IR,80,80,ECO
US,US,IR,120,180,FIRST
US,US,JO,80,80,ECO
US,US,JO,120,180,FIRST
US,US,KG,80,80,ECO
US,US,KG,120,180,FIRST
US,US,KW,80,80,ECO
US,US,KW,120,180,FIRST
US,US,KZ,80,80,ECO
US,US,KZ,120,180,FIRST
US,US,LB,80,80,ECO
US,US,LB,120,180,FIRST
US,US,OM,80,80,ECO
US,US,OM,120,180,FIRST
US,US,PS,80,80,ECO
US,US,PS,120,180,FIRST
US,US,QA,80,80,ECO
US,US,QA,120,180,FIRST
US,US,SA,80,80,ECO
US,US,SA,120,180,FIRST
US,US,SY,80,80,ECO
US,US,SY,120,180,FIRST
US,US,UZ,80,80,ECO
US,US,UZ,120,180,FIRST
US,US,YE,80,80,ECO
US,US,YE,120,180,FIRST
UA,US,AG,17.5,35,ECO
UA,US,AG,40,80,FIRST
UA,US,AN,17.5,35,ECO
UA,US,AN,40,80,FIRST
UA,US,AW,17.5,35,ECO
UA,US,AW,40,80,FIRST
UA,US,BB,17.5,35,ECO
UA,US,BB,40,80,FIRST
UA,US,BM,17.5,35,ECO
UA,US,BM,40,80,FIRST
UA,US,BS,17.5,35,ECO
UA,US,BS,40,80,FIRST
UA,US,DO,17.5,35,ECO
UA,US,DO,40,80,FIRST
UA,US,GD,17.5,35,ECO
UA,US,GD,40,80,FIRST
UA,US,GP,17.5,35,ECO
UA,US,GP,40,80,FIRST
UA,US,HT,17.5,35,ECO
UA,US,HT,40,80,FIRST
UA,US,JM,17.5,35,ECO
UA,US,JM,40,80,FIRST
UA,US,KN,17.5,35,ECO
UA,US,KN,40,80,FIRST
UA,US,KY,17.5,35,ECO
UA,US,KY,40,80,FIRST
UA,US,LC,17.5,35,ECO
UA,US,LC,40,80,FIRST
UA,US,MQ,17.5,35,ECO
UA,US,MQ,40,80,FIRST
UA,US,PR,17.5,35,ECO
UA,US,PR,40,80,FIRST
UA,US,TC,17.5,35,ECO
UA,US,TC,40,80,FIRST
UA,US,TT,17.5,35,ECO
UA,US,TT,40,80,FIRST
UA,US,VG,17.5,35,ECO
UA,US,VG,40,80,FIRST
UA,US,VI,17.5,35,ECO
UA,US,VI,40,80,FIRST
UA,US,BZ,17.5,35,ECO
UA,US,BZ,40,80,FIRST
UA,US,CR,17.5,35,ECO
UA,US,CR,40,80,FIRST
UA,US,GT,17.5,35,ECO
UA,US,GT,40,80,FIRST
UA,US,HN,17.5,35,ECO
UA,US,HN,40,80,FIRST
UA,US,MX,17.5,35,ECO
UA,US,MX,40,80,FIRST
UA,US,NI,17.5,35,ECO
UA,US,NI,40,80,FIRST
UA,US,PA,17.5,35,ECO
UA,US,PA,40,80,FIRST
UA,US,SV,17.5,35,ECO
UA,US,SV,40,80,FIRST
UA,US,CO,17.5,35,ECO
UA,US,CO,40,80,FIRST
UA,US,EC,17.5,35,ECO
UA,US,EC,40,80,FIRST
UA,US,GF,17.5,35,ECO
UA,US,GF,40,80,FIRST
UA,US,GY,17.5,35,ECO
UA,US,GY,40,80,FIRST
UA,US,PE,17.5,35,ECO
UA,US,PE,40,80,FIRST
UA,US,SR,17.5,35,ECO
UA,US,SR,40,80,FIRST
UA,US,VE,17.5,35,ECO
UA,US,VE,40,80,FIRST
UA,US,AR,27.5,55,ECO
UA,US,AR,67.5,135,FIRST
UA,US,BO,27.5,55,ECO
UA,US,BO,67.5,135,FIRST
UA,US,BR,27.5,55,ECO
UA,US,BR,67.5,135,FIRST
UA,US,CL,27.5,55,ECO
UA,US,CL,67.5,135,FIRST
UA,US,PY,27.5,55,ECO
UA,US,PY,67.5,135,FIRST
UA,US,UY,27.5,55,ECO
UA,US,UY,67.5,135,FIRST
UA,US,AL,27.5,55,ECO
UA,US,AL,67.5,135,FIRST
UA,US,AM,27.5,55,ECO
UA,US,AM,67.5,135,FIRST
UA,US,AT,27.5,55,ECO
UA,US,AT,67.5,135,FIRST
UA,US,BA,27.5,55,ECO
UA,US,BA,67.5,135,FIRST
UA,US,BE,27.5,55,ECO
UA,US,BE,67.5,135,FIRST
UA,US,BG,27.5,55,ECO
UA,US,BG,67.5,135,FIRST
UA,US,BY,27.5,55,ECO
UA,US,BY,67.5,135,FIRST
UA,US,CH,27.5,55,ECO
UA,US,CH,67.5,135,FIRST
UA,US,CY,27.5,55,ECO
UA,US,CY,67.5,135,FIRST
UA,US,CZ,27.5,55,ECO
UA,US,CZ,67.5,135,FIRST
UA,US,DE,27.5,55,ECO
UA,US,DE,67.5,135,FIRST
UA,US,DK,27.5,55,ECO
UA,US,DK,67.5,135,FIRST
UA,US,EE,27.5,55,ECO
UA,US,EE,67.5,135,FIRST
UA,US,ES,27.5,55,ECO
UA,US,ES,67.5,135,FIRST
UA,US,FI,27.5,55,ECO
UA,US,FI,67.5,135,FIRST
UA,US,FR,27.5,55,ECO
UA,US,FR,67.5,135,FIRST
UA,US,GB,27.5,55,ECO
UA,US,GB,67.5,135,FIRST
UA,US,GL,27.5,55,ECO
UA,US,GL,67.5,135,FIRST
UA,US,GR,27.5,55,ECO
UA,US,GR,67.5,135,FIRST
UA,US,HR,27.5,55,ECO
UA,US,HR,67.5,135,FIRST
UA,US,HU,27.5,55,ECO
UA,US,HU,67.5,135,FIRST
UA,US,IE,27.5,55,ECO
UA,US,IE,67.5,135,FIRST
UA,US,IT,27.5,55,ECO
UA,US,IT,67.5,135,FIRST
UA,US,LT,27.5,55,ECO
UA,US,LT,67.5,135,FIRST
UA,US,LU,27.5,55,ECO
UA,US,LU,67.5,135,FIRST
UA,US,LV,27.5,55,ECO
UA,US,LV,67.5,135,FIRST
UA,US,MD,27.5,55,ECO
UA,US,MD,67.5,135,FIRST
UA,US,ME,27.5,55,ECO
UA,US,ME,67.5,135,FIRST
UA,US,MK,27.5,55,ECO
UA,US,MK,67.5,135,FIRST
UA,US,MT,27.5,55,ECO
UA,US,MT,67.5,135,FIRST
UA,US,NL,27.5,55,ECO
UA,US,NL,67.5,135,FIRST
UA,US,NO,27.5,55,ECO
UA,US,NO,67.5,135,FIRST
UA,US,PL,27.5,55,ECO
UA,US,PL,67.5,135,FIRST
UA,US,PT,27.5,55,ECO
UA,US,PT,67.5,135,FIRST
UA,US,RO,27.5,55,ECO
UA,US,RO,67.5,135,FIRST
UA,US,RS,27.5,55,ECO
UA,US,RS,67.5,135,FIRST
UA,US,RU,27.5,55,ECO
UA,US,RU,67.5,135,FIRST
UA,US,SE,27.5,55,ECO
UA,US,SE,67.5,135,FIRST
UA,US,SI,27.5,55,ECO
UA,US,SI,67.5,135,FIRST
UA,US,SK,27.5,55,ECO
UA,US,SK,67.5,135,FIRST
UA,US,TR,27.5,55,ECO
UA,US,TR,67.5,135,FIRST
UA,US,UA,27.5,55,ECO
UA,US,UA,67.5,135,FIRST
UA,US,CA,12.5,25,ECO
UA,US,CA,25,70,FIRST
UA,US,US,12.5,25,ECO
UA,US,US,25,70,FIRST
UA,US,CN,32.5,65,ECO
UA,US,CN,72.5,145,FIRST
UA,US,GU,32.5,65,ECO
UA,US,GU,72.5,145,FIRST
UA,US,KR,32.5,65,ECO
UA,US,KR,72.5,145,FIRST
UA,US,MN,32.5,65,ECO
UA,US,MN,72.5,145,FIRST
UA,US,TW,32.5,65,ECO
UA,US,TW,72.5,145,FIRST
UA,US,AE,37.5,75,ECO
UA,US,AE,72.5,145,FIRST
UA,US,AZ,37.5,75,ECO
UA,US,AZ,72.5,145,FIRST
UA,US,BH,37.5,75,ECO
UA,US,BH,72.5,145,FIRST
UA,US,EG,37.5,75,ECO
UA,US,EG,72.5,145,FIRST
UA,US,IL,37.5,75,ECO
UA,US,IL,72.5,145,FIRST
UA,US,IQ,37.5,75,ECO
UA,US,IQ,72.5,145,FIRST
UA,US,IR,37.5,75,ECO
UA,US,IR,72.5,145,FIRST
UA,US,JO,37.5,75,ECO
UA,US,JO,72.5,145,FIRST
UA,US,KW,37.5,75,ECO
UA,US,KW,72.5,145,FIRST
UA,US,LB,37.5,75,ECO
UA,US,LB,72.5,145,FIRST
UA,US,OM,37.5,75,ECO
UA,US,OM,72.5,145,FIRST
UA,US,QA,37.5,75,ECO
UA,US,QA,72.5,145,FIRST
UA,US,SA,37.5,75,ECO
UA,US,SA,72.5,145,FIRST
UA,US,SY,37.5,75,ECO
UA,US,SY,72.5,145,FIRST
UA,US,YE,37.5,75,ECO
UA,US,YE,72.5,145,FIRST
UA,US,AO,37.5,90,ECO
UA,US,AO,72.5,160,FIRST
UA,US,BF,37.5,90,ECO
UA,US,BF,72.5,160,FIRST
UA,US,BI,37.5,90,ECO
UA,US,BI,72.5,160,FIRST
UA,US,BJ,37.5,90,ECO
UA,US,BJ,72.5,160,FIRST
UA,US,CD,37.5,90,ECO
UA,US,CD,72.5,160,FIRST
UA,US,CF,37.5,90,ECO
UA,US,CF,72.5,160,FIRST
UA,US,CG,37.5,90,ECO
UA,US,CG,72.5,160,FIRST
UA,US,CI,37.5,90,ECO
UA,US,CI,72.5,160,FIRST
UA,US,CM,37.5,90,ECO
UA,US,CM,72.5,160,FIRST
UA,US,DJ,37.5,90,ECO
UA,US,DJ,72.5,160,FIRST
UA,US,DZ,37.5,90,ECO
UA,US,DZ,72.5,160,FIRST
UA,US,ER,37.5,90,ECO
UA,US,ER,72.5,160,FIRST
UA,US,ET,37.5,90,ECO
UA,US,ET,72.5,160,FIRST
UA,US,GA,37.5,90,ECO
UA,US,GA,72.5,160,FIRST
UA,US,GH,37.5,90,ECO
UA,US,GH,72.5,160,FIRST
UA,US,GM,37.5,90,ECO
UA,US,GM,72.5,160,FIRST
UA,US,GN,37.5,90,ECO
UA,US,GN,72.5,160,FIRST
UA,US,GQ,37.5,90,ECO
UA,US,GQ,72.5,160,FIRST
UA,US,GW,37.5,90,ECO
UA,US,GW,72.5,160,FIRST
UA,US,KE,37.5,90,ECO
UA,US,KE,72.5,160,FIRST
UA,US,KM,37.5,90,ECO
UA,US,KM,72.5,160,FIRST
UA,US,LR,37.5,90,ECO
UA,US,LR,72.5,160,FIRST
UA,US,MA,37.5,90,ECO
UA,US,MA,72.5,160,FIRST
UA,US,MR,37.5,90,ECO
UA,US,MR,72.5,160,FIRST
UA,US,MU,37.5,90,ECO
UA,US,MU,72.5,160,FIRST
UA,US,NE,37.5,90,ECO
UA,US,NE,72.5,160,FIRST
UA,US,NG,37.5,90,ECO
UA,US,NG,72.5,160,FIRST
UA,US,RW,37.5,90,ECO
UA,US,RW,72.5,160,FIRST
UA,US,SC,37.5,90,ECO
UA,US,SC,72.5,160,FIRST
UA,US,SD,37.5,90,ECO
UA,US,SD,72.5,160,FIRST
UA,US,SL,37.5,90,ECO
UA,US,SL,72.5,160,FIRST
UA,US,SN,37.5,90,ECO
UA,US,SN,72.5,160,FIRST
UA,US,SO,37.5,90,ECO
UA,US,SO,72.5,160,FIRST
UA,US,ST,37.5,90,ECO
UA,US,ST,72.5,160,FIRST
UA,US,TD,37.5,90,ECO
UA,US,TD,72.5,160,FIRST
UA,US,TG,37.5,90,ECO
UA,US,TG,72.5,160,FIRST
UA,US,TN,37.5,90,ECO
UA,US,TN,72.5,160,FIRST
UA,US,TZ,37.5,90,ECO
UA,US,TZ,72.5,160,FIRST
UA,US,UG,37.5,90,ECO
UA,US,UG,72.5,160,FIRST
UA,US,JP,32.5,65,ECO
UA,US,JP,67.5,135,FIRST
UA,US,BW,45,45,ECO
UA,US,BW,62.5,80,FIRST
UA,US,LS,45,45,ECO
UA,US,LS,62.5,80,FIRST
UA,US,MG,45,45,ECO
UA,US,MG,62.5,80,FIRST
UA,US,MW,45,45,ECO
UA,US,MW,62.5,80,FIRST
UA,US,MZ,45,45,ECO
UA,US,MZ,62.5,80,FIRST
UA,US,NA,45,45,ECO
UA,US,NA,62.5,80,FIRST
UA,US,RE,45,45,ECO
UA,US,RE,62.5,80,FIRST
UA,US,SZ,45,45,ECO
UA,US,SZ,62.5,80,FIRST
UA,US,ZA,45,45,ECO
UA,US,ZA,62.5,80,FIRST
UA,US,ZM,45,45,ECO
UA,US,ZM,62.5,80,FIRST
UA,US,ZW,45,45,ECO
UA,US,ZW,62.5,80,FIRST
F9,US,CR,17.5,17.5,ECO
F9,US,CR,17.5,17.5,FIRST
F9,US,US,12.5,12.5,ECO
F9,US,US,12.5,12.5,FIRST
F9,US,MX,17.5,17.5,ECO
F9,US,MX,17.5,17.5,FIRST
AS,US,US,12.5,27.5,ECO
AS,US,US,25,50,FIRST
AS,US,MX,17.5,32.5,ECO
AS,US,MX,32.5,60,FIRST
BA,US,AU,70.0,105.0,ECO
BA,US,AU,140.0,210.0,FIRST
BA,US,BE,25.0,37.5,ECO
BA,US,BE,50.0,75.0,FIRST
BA,US,CH,25.0,37.5,ECO
BA,US,CH,50.0,75.0,FIRST
BA,US,DE,25.0,37.5,ECO
BA,US,DE,50.0,75.0,FIRST
BA,US,FR,25.0,37.5,ECO
BA,US,FR,50.0,75.0,FIRST
BA,US,GB,25.0,37.5,ECO
BA,US,GB,50.0,75.0,FIRST
BA,US,IE,25.0,37.5,ECO
BA,US,IE,50.0,75.0,FIRST
BA,US,LU,25.0,37.5,ECO
BA,US,LU,50.0,75.0,FIRST
BA,US,NL,25.0,37.5,ECO
BA,US,NL,50.0,75.0,FIRST
BA,US,GH,40.0,60.0,ECO
BA,US,GH,80.0,120.0,FIRST
BA,US,NG,40.0,60.0,ECO
BA,US,NG,80.0,120.0,FIRST
BA,US,AL,32.5,48.75,ECO
BA,US,AL,65.0,97.5,FIRST
BA,US,BG,32.5,48.75,ECO
BA,US,BG,65.0,97.5,FIRST
BA,US,CY,32.5,48.75,ECO
BA,US,CY,65.0,97.5,FIRST
BA,US,DZ,32.5,48.75,ECO
BA,US,DZ,65.0,97.5,FIRST
BA,US,FI,32.5,48.75,ECO
BA,US,FI,65.0,97.5,FIRST
BA,US,GR,32.5,48.75,ECO
BA,US,GR,65.0,97.5,FIRST
BA,US,IL,32.5,48.75,ECO
BA,US,IL,65.0,97.5,FIRST
BA,US,LY,32.5,48.75,ECO
BA,US,LY,65.0,97.5,FIRST
BA,US,MA,32.5,48.75,ECO
BA,US,MA,65.0,97.5,FIRST
BA,US,RO,32.5,48.75,ECO
BA,US,RO,65.0,97.5,FIRST
BA,US,RU,32.5,48.75,ECO
BA,US,RU,65.0,97.5,FIRST
BA,US,TN,32.5,48.75,ECO
BA,US,TN,65.0,97.5,FIRST
BA,US,TR,32.5,48.75,ECO
BA,US,TR,65.0,97.5,FIRST
BA,US,UA,32.5,48.75,ECO
BA,US,UA,65.0,97.5,FIRST
BA,US,AT,30.0,45.0,ECO
BA,US,AT,60.0,90.0,FIRST
BA,US,CZ,30.0,45.0,ECO
BA,US,CZ,60.0,90.0,FIRST
BA,US,DK,30.0,45.0,ECO
BA,US,DK,60.0,90.0,FIRST
BA,US,ES,30.0,45.0,ECO
BA,US,ES,60.0,90.0,FIRST
BA,US,GI,30.0,45.0,ECO
BA,US,GI,60.0,90.0,FIRST
BA,US,HR,30.0,45.0,ECO
BA,US,HR,60.0,90.0,FIRST
BA,US,HU,30.0,45.0,ECO
BA,US,HU,60.0,90.0,FIRST
BA,US,IT,30.0,45.0,ECO
BA,US,IT,60.0,90.0,FIRST
BA,US,NO,30.0,45.0,ECO
BA,US,NO,60.0,90.0,FIRST
BA,US,PL,30.0,45.0,ECO
BA,US,PL,60.0,90.0,FIRST
BA,US,PT,30.0,45.0,ECO
BA,US,PT,60.0,90.0,FIRST
BA,US,RS,30.0,45.0,ECO
BA,US,RS,60.0,90.0,FIRST
BA,US,SE,30.0,45.0,ECO
BA,US,SE,60.0,90.0,FIRST
BA,US,IN,45.0,67.5,ECO
BA,US,IN,90.0,135.0,FIRST
BA,US,MV,45.0,67.5,ECO
BA,US,MV,90.0,135.0,FIRST
BA,US,AO,45.0,67.5,ECO
BA,US,AO,90.0,135.0,FIRST
BA,US,KE,45.0,67.5,ECO
BA,US,KE,90.0,135.0,FIRST
BA,US,MU,45.0,67.5,ECO
BA,US,MU,90.0,135.0,FIRST
BA,US,NA,45.0,67.5,ECO
BA,US,NA,90.0,135.0,FIRST
BA,US,TZ,45.0,67.5,ECO
BA,US,TZ,90.0,135.0,FIRST
BA,US,UG,45.0,67.5,ECO
BA,US,UG,90.0,135.0,FIRST
BA,US,ZA,45.0,67.5,ECO
BA,US,ZA,90.0,135.0,FIRST
BA,US,ZM,45.0,67.5,ECO
BA,US,ZM,90.0,135.0,FIRST
BA,US,ZW,45.0,67.5,ECO
BA,US,ZW,90.0,135.0,FIRST
BA,US,AE,40.0,60.0,ECO
BA,US,AE,80.0,120.0,FIRST
BA,US,BH,40.0,60.0,ECO
BA,US,BH,80.0,120.0,FIRST
BA,US,EG,40.0,60.0,ECO
BA,US,EG,80.0,120.0,FIRST
BA,US,KW,40.0,60.0,ECO
BA,US,KW,80.0,120.0,FIRST
BA,US,OM,40.0,60.0,ECO
BA,US,OM,80.0,120.0,FIRST
BA,US,QA,40.0,60.0,ECO
BA,US,QA,80.0,120.0,FIRST
BA,US,SA,40.0,60.0,ECO
BA,US,SA,80.0,120.0,FIRST
BA,US,CN,60.0,90.0,ECO
BA,US,CN,120.0,180.0,FIRST
BA,US,HK,60.0,90.0,ECO
BA,US,HK,120.0,180.0,FIRST
BA,US,JP,60.0,90.0,ECO
BA,US,JP,120.0,180.0,FIRST
BA,US,SG,60.0,90.0,ECO
BA,US,SG,120.0,180.0,FIRST
BA,US,TH,60.0,90.0,ECO
BA,US,TH,120.0,180.0,FIRST
